Search term,Ignore (y/N),Comments
"We have spent our entire lives in the business of clothing, from economy lines to luxury lines,.Thousands of products in different styles are waiting for you!After spending 15 years learning this market and business we decided to put all of our contacts in manufacturing and designing to good use. Our mission is to bring the newest and best designs in clothing to you.",y,Low count (9)
"and since then we have managed countless of online stores. Our mission is supplying you with the latest, most interesting and useful items whilst providing and excellent customer experience. We believe that e-commerce is today's way of shopping and that it will grow more and more in the future. It provides us with many conveniences - we don't have to go further than our bed in order to do our shopping.",y,Low count (22)
is your global online store that delivers latest fashion apparel for you! Thousands of products in different styles are waiting for you!,y,Low count (27)
"for one simple reason: We strive to improve the lives of those on-the-go by creating durable, functional and adaptable products at a great value; and we do this by co-creating products with you.",y,Low count
CLEARANCE WAREHOUSE BRINGS YOU FACTORY DIRECT PRODUCTS AT WHOLESALE PRICE Welcome to a new era of buying online. Clearance Warehouse brings you factory direct products at wholesale price. Guaranteed. We are US premier wholesale clearance centre. Want to experience a whole new way of buying products online for your home or office? How does up to 80% off normal pricing sound?,y,Low count
"We take pride in our customer service. We have an entire team based in our corporate office in Montgomery, Alabama, that is dedicated to our customers and customers� experiences! You can contact us through email, online chat or by phone.",y,Low count
Our love for USA-Made products is evident as you scroll throughout our website. Each month we research to obtain new brands which are made in the USA. We are proud to carry many great brands and have a quality of service that is hard to find these days.,y,Low count
We source designer style products. And have been able to do this by building great long term relationships with several manufacturers over the years. This allows us to produce unique pieces at the lowest possible cost and sell directly to you.,y,Low count
"We work around the clock to find the most innovative products, this way you don't have to spend hours doing your own research. With a mission to provide the best products with the best quality and the best of service to our customer. Our goal is to position wholesalestore as the online service leader. Trust our team of experts to help you stay ahead of the curve, and always be on the cutting edge of technology.",y,Low count
"store, the best place to discover an unparalleled and unique selection of art by suits all budgets, styles, and spaces. Our vast collection of art products including but not limited to mugs, blankets,  bracelets, posters & canvas, and much more, makes it easy for you to find something for everyone you love�including you.",y,Low count
Our business was started by a small team of very ambitious young men and women. We've worked in the retail industry for several years. This eventually prompted us to start our own little venture and we opened a local store to sell our products.,y,Low count (11)
"As a result, we have an industry leading low claims ratio and long-term relationships with our satisfied customers across wide ranging industries. Again, the higher the value of the goods that customers tender to us, the better fit it is for our organization.",y,Low count (4)
"is the premier multi-game trading site allowing users to trade their virtual items between different games. The main goal is to make skin trading accessible and possible for everyone. We try to accomplish our goal by offering 24/7 support, a smooth site interaction and a lot of functionalities for our users to enjoy.",y,Low count
"started up with a clear international mission and with the intention of dressing young people who are engaged with their environment, who live in the community and relate to each other. Young people who have a casual dress sense, who shun stereotypes and who want to feel good in whatever they are wearing.",y,Low count
"First, select your favorite products, their sizes and quantities, then add them to your shopping cart, after filling out the shipping address information, finally, choose the payment method to complete the payment.",y,Low count
"provides you with fantastic products at unbeatable prices! We invite you to browse our store and buy ligne.Si you have questions, please contact",y,Low count
experience that blends the highest level of health care with exceptional service. People can enroll in membership by paying only an annual membership fee of just $129.,y,Low count (0)
Various Styles: More than 4000 different models in stock to catch the market demand and we will update our inventory in time.,y,Low count (7)
"takes charge of handling all your vehicle inquiry reports effortlessly. With an ever-evolving database, we provide comprehensive details on a wide range of used automobiles, ensuring you have access to the most up-to-date information available.",y,Low count
"Print on demand (POD) is a process where we work with a supplier to customize white-label products (like baseball hats or tote bags) with our own designs to sell them on a per-order basis under our own brand. Have you ever come across backpacks, shirts, shoes, water bottles, or any things of your friends or colleagues that look identical, but have different “brand” names printed on them?",y,Low count (2)
"We are proud of the quality and consistency of the product and service provided to our customers and we are here to make your online shopping experience excellent. On our online store, there is a great selection. With many years of experience in the direct relationship with the manufacturer and customers, we always show our profession so that you can feel better when you shop here.",y,Too many FPs
"is a global leader in international transport & logistics. Constantly adapting to its customers’ changing needs, the company has enriched its expertise to become a tier-one logistics and freight forwarding partner in the USA, with integrated logistic networks in Africa, Middle East, Europe, Asia and the Americas.",y,Low count (0)
"It all started back in 1997, it was just plain hard work and a passion for serving Customers that got us started. We still work very hard and have the same passion, but it takes a lot more than hard work and passion to satisfy Customers today.",y,Low count (2)
Satisfaction is our #1 Operational Goal and we tirelessly work to meet or exceed our Customer Key Requirements. Many companies don’t measure Customer Satisfaction. We both measure it and proudly display it because we put Customers first and that’s the way it’ll always be at,y,Low count (10)
"Reloading supplies for any kind of shooter. Offering high-quality reloading products at affordable prices is key to our business. We’re happy to call ourselves members of the shooting and reloading community. To assist you produce the ideal shot, we have a large variety of high-quality reloading supplies.",y,Low count (3)
"After all, we know the sheer joy that can come with owning your own exotic pet, whether it is a bearded dragon or a turtle. We wanted to make sure that other people got to experience such joy, and that’s why we decided to start serving the consumer market as well.",y,Low count (7)
"With over 15 years of experience in the moving industry, we have the expertise and knowledge to handle even the most complex moves. From fragile items to bulky furniture, we've seen it all and know how to handle it.",y,Low count (33)
The pharmacy you are currently dealing with comes first in the market of delivering and distribution of high-quality medications throughout the world. The primary target of our company is to supply professionally manufactured brand and generic medications at the lowest prices you would never have come across in your local medical stores. We ship all over the world and warrant top-quality service.,y,Low count (5)
mainly focuses on wear. Our goal is always to provide our customers with high quality fashion products at down to earth prices. We are dedicated to making you look good for less. We do our best to find and design the styles that makes you look fashion and feel good.,y,Low count (2)
"In addition to offering a wide variety of handgun rounds, rifle ammo, and shotgun shells for sale, we also frequently stock great deals on ammo cans and other accessories. So if you’re looking for a great ammunition selection, you’ve found it!",y,Low count (8)
"Immediately, I realized there was something outstanding about Robert and his family, who’ve been breeding Goldens for over 15 years. They were sincerely passionate about the breed, and about their dogs in particular.",y,Low count (4)
We are an online retailer company. Our company sells thousands of products with guaranteed quality.,y,Low count (9)
corteiz official store,y,Low count (3)
"To provide the highest quality craftsmanship and best customer service possible every day, with every customer, and with every pair of shoes.",y,Low count (4)
"We are one of the world’s leading Asset Management firms with approximately $500 billion in Assets under management that creates lasting impact for our investors, teams, businesses and the communities in which we live.",y,Low count (0)
"is the cryptocurrency trading platform equipped with the high-tech blockchain technology. We believe this technology will prosper our lives and increase the value of assets. Our aim is to provide more customers with a better online cryptocurrency trading environment, and to create the wise investment environment.",y,Low count (24)
you join a community of millions of people who choose to share their opinions and complete offers in exchange for rewards.,y,Low count (7)
"we are passionate about providing high-quality, stylish T-shirts that allow our customers to express themselves creatively. Whether you're looking for bold designs, personalized prints, or trendy graphics, we have something for everyone.",y,Low count (9)
"Before we can show you nude pics of horny women in your area that want to fuck right now, we need to ask a few quick questions.",y,Low count (13)
You will see hot nudes! Please be discreet.,y,Low count (2)
"There is no shortage of outstanding casinos in Australia. But for travelers and those who want to get away for a few days and enjoy a loaded gambling spree, an in-and-out casino may not always be enough. Thankfully, casino hotels offer the opportunity to hop out of a comfortable bed, have a delicious breakfast on-site, and take but a few steps to slot machines and table games.",y,Low count (6)
"We are prepared to succeed. Our team of experts tackles your financial concerns with efficiency, openness, and meticulous strategizing.",y,Low count (0)
helps everyone to create their own tokens and token sales in few seconds.,y,Low count (16) and too many FPs (5)
"Since 2007 we have been delivering excellence in product development, support & updates for frictionless shopping experiences.",y,Low count (0)
"is a global comprehensive cryptocurrency trading platform that provides major mainstream cryptocurrency transactions, as well as the sale and promotion of cutting-edge emerging cryptocurrencies.",y,Low count (5)
Originated from the thinking of beauty. Different curves have different aesthetic feelings. Customized fashion wear for women should have their own exclusive fashion consultants.,y,Low count (8)
We put customer satisfaction at the forefront of our business! We understand there is no business without taking care of our valued customers.,y,Low count (5)
Your Gateway to Diverse Investments! Discover a world of investment opportunities tailored to meet your financial aspirations.,y,Low count (12)
"We have large garment factories in Southeast Asia,With warehouses in many countries,minimize costs,Let every customer spend the least money to wear the best clothes!",y,Low count (2)
"Since the customs seized a batch of goods, the company is now short of cash flow, so it took out a batch of inventory from overseas warehouses for clearance sales!If the price you see is very low, it means that the clearance is still going on. Once it changes back to the original price, it means that we have ended the event and the stock is limited.",y,Low count (10)
"committed to the progress of sustainability within our business practices. With consistent evaluation and attention, we are proud to have brought on changes that have an emphasis on renewable energy, recycling, and beyond.",,
we got you covered with highly professional suppliers and production houses that we keep in close contact with and vet daily so that they fulfill our intense selection process.,,
"No matter where you are, who you are and what you are passionate about we want to be able to provide you with high value products that help you Express Yourself...to help you express who you really are!",,
"We have spent years searching for creative, smart, and useful products around the world and bring them to you with a belief that they may help you make your life easier. We are also helping a lot of people have great ideas to gift their friends. We are sure that in this online shopping house, there is stuff you may not know that has even existed.",,
"If you ever have problems with your order, we'll do everything we can to make it right. We aim to treat you like family. We know we're in business because of you. Bring the highest quality products with the lowest prices to customers.",,
"Serving customers is our specialty - our devoted team is live and available to assist. We guarantee prompt and efficient service, all day, every day - no mess, no fuss!",y,No results for monthly
"Your satisfaction is our service purpose, if you have any question or need help, please feel free to contact with us, we will help you.",y,Low count for monthy (2)
"Gone are those days you need to be an expert with years of experience, have millions of Pounds or stay fully committed to begin making profits trading. Financial Trading and Investing are risky fields that require proven experience and expertise for players to mitigate the downsides. Our team of traders and investors ensure not only that your funds are at work, but are put in carefully planned investments and trades.",y,Low count for monthly (4)
"There are many variations of passages of Lorem Ipsum available, but the majority have suffered alteration in some form, by injected humour, or randomised words which don't look even slightly believable.",,
"is the global leading online retailer for tops, bottoms and dresses. Our dedicated fashion buyers, who have more than 10 years' experience in this industry, use their skill and knowledge to spot the trend of the curve and bring the most stunning and fetching stuffs for our customers.",y,No results for monthly
"The shipment of your product is our highest priority and everyday we dispatch hundreds of products to satisfied customers across the world. However, because the majority of our warehouses are internationally-based, our shipping and handling times can vary and we are therefore unable to offer next day delivery.",,
"We love cannabis for its wonderful properties which is exactly why we offer the services that we do. As a mail-order cannabis service, we strive to provide high-quality cannabis for customers when they need it. As the years pass on, we can appreciate the miracle effects of cannabis which is great for people who suffer from a variety of different diseases, disorders, and conditions, and we strive to provide accessibility for those in need.",y,Low count for monthy (2)
your number one source for all things cosmetic and personal care product.,,Low count (25)
"In this fast-paced world, we all enjoy comfort and convenience in almost everything. We love being comfortable lounging in our couch or bed with our mobile phones browsing about anything under the sun and getting all amazed and excited whenever we see our favorites on our mobile phones!",,
"This website relies on Ethernet smart contracts to operate, please use a decentralized wallet to access.",y,Low count for monthy (1)
"is your global online store that delivers latest fashion apparel for you! We have handmade toys , dresses, tops, bottoms and jewelry for girls and ladies. Thousands of products in different styles are waiting for you!",,
"is one of the leading chargeback firms worldwide. Specializing in online trading scams (Forex, Binary Options, Crypto, etc), we pride ourselves on having one of the highest success rates in the industry.",y,Low count for monthy (2)
"specializes in creating innovative, user-friendly, and secure mobile applications for businesses looking to thrive in the digital marketplace.",y,Low count (2). Low count for monthy (1)
"has an efficient team of management professionals who has more than 10 years of experience in the cargo and courier industry.",y,Low count (26). Low count for monthy (3)
"you are almost done! please complete the last step by click the verify now button below",y,Low count (2). No results for monthly
"To display the last codes, we must verify that you are a real human, Click on this button and complete one offer.",y,Low count for monthly (3)
"we work hard to make sure our clients make the best trading and investment decisions.",,
"We work day and night to create and sustain a forex and cryptocurrencies trading environment that helps everyone access the markets – from first-timers to those who’ve turned trading into a career.",,
"was established by a group of blockchain enthusiasts with a goal of providing complete financial services for the currencies of the future.We are dedicated to providing safe, convenient, and diversified services to meet all crypto needs, including trading, investing, purchasing, staking, borrowing, and more.",y,Low count (4). No results for monthly
"One of the things our customers love about our store is the unrivaled customer service that we are available always to attend to visitors’ inquiries. All you need to do is get in touch, and we will handle any issues you might have promptly.",,
"We are an IT company which deals in complete IT solutions right from development to deployment. We are based in USA and have clients all over the globe.",y,Low count (11). Low count for monthly (2)
"is an online platform that handles the logistical side of eCommerce and empowers sellers to focus on creating and selling unique products. We only work with reliable suppliers in the US & Asia. Product artwork is created by talented artists from all around the world.",y,No results. No results for monthly
"share of the global digital asset trading market within 1 year. Very recently in 2021 at the Crypto Expo Dubai",y,Low count (9). Low count for monthly (2)
"Our Goal is to provide the best online automated trading solutions to our customers globally using our team of experienced experts.",y,No results for monthly
"Loading... Password. Confirm password. Invitation Code. I agree with the 《Registration Agreement》. Sign Up.",y,No results
"Our pharmacy helps thousands of people to get high-quality generic and brand medications from world-renowned and tested suppliers. Your strong health is not a wonder, it's a work of the best specialists in health-care area, and we are here to share with you the results of their comprehensive scientific study.",y,No results for monthly
